ts_code,trade_date,open,high,low,close,pre_close,change,pct_chg,vol,amount
000066.SZ,20220701,10.8,11.06,10.75,10.76,10.82,-0.06,-0.5545,302277.17,329502.961
000066.SZ,20220630,10.81,10.97,10.78,10.82,10.79,0.03,0.278,233338.86,253138.753
000066.SZ,20220629,10.82,11.08,10.7,10.79,10.87,-0.08,-0.736,414589.67,451147.849
000066.SZ,20220628,10.6,10.87,10.5,10.87,10.67,0.2,1.8744,323739.88,348002.41
000066.SZ,20220627,10.72,10.76,10.6,10.67,10.72,-0.05,-0.4664,260702.03,278485.024
000066.SZ,20220624,10.5,11.04,10.49,10.72,10.41,0.31,2.9779,455498.11,491452.625
000066.SZ,20220623,10.25,10.42,10.14,10.41,10.13,0.28,2.7641,243831.25,250986.78
000066.SZ,20220622,10.48,10.5,10.11,10.13,10.48,-0.35,-3.3397,273021.53,280377.441
000066.SZ,20220621,10.72,10.76,10.38,10.48,10.79,-0.31,-2.873,314136.26,331314.369
000066.SZ,20220620,10.7,10.88,10.55,10.79,10.66,0.13,1.2195,345337.66,370732.948
000066.SZ,20220617,10.53,10.66,10.33,10.66,10.55,0.11,1.0427,274167.03,288874.548
000066.SZ,20220616,10.7,10.82,10.53,10.55,10.7,-0.15,-1.4019,254641.54,271673.119
000066.SZ,20220615,10.72,10.93,10.67,10.7,10.7,0.0,0.0,388848.01,419502.397
000066.SZ,20220614,10.6,10.72,10.32,10.7,10.76,-0.06,-0.5576,338595.9,356159.221
000066.SZ,20220613,10.6,10.91,10.52,10.76,10.71,0.05,0.4669,507205.51,543247.816
000066.SZ,20220610,10.64,11.08,10.62,10.71,10.71,0.0,0.0,726939.68,787650.95
000066.SZ,20220609,11.0,11.0,10.69,10.71,11.09,-0.38,-3.4265,481236.33,519599.209
000066.SZ,20220608,10.8,11.46,10.78,11.09,10.92,0.17,1.5568,869661.59,971521.917
000066.SZ,20220607,10.54,10.95,10.39,10.92,10.53,0.39,3.7037,651523.28,694404.742
000066.SZ,20220606,10.23,10.73,10.18,10.53,10.23,0.3,2.9326,551234.08,576666.256
000066.SZ,20220602,10.07,10.27,10.01,10.23,10.04,0.19,1.8924,373548.1,380092.645
000066.SZ,20220601,10.16,10.2,9.95,10.04,10.16,-0.12,-1.1811,308116.6,310190.44
000066.SZ,20220531,10.06,10.2,9.92,10.16,10.14,0.02,0.1972,459649.12,462916.019
000066.SZ,20220530,9.85,10.28,9.8,10.14,9.73,0.41,4.2138,700219.19,705039.257
000066.SZ,20220527,9.86,9.88,9.62,9.73,9.71,0.02,0.206,245058.02,238439.602
000066.SZ,20220526,9.55,9.85,9.25,9.71,9.63,0.08,0.8307,377019.11,362107.217
000066.SZ,20220525,9.44,9.96,9.43,9.63,9.38,0.25,2.6652,343792.65,333263.985
000066.SZ,20220524,9.83,10.03,9.38,9.38,9.84,-0.46,-4.6748,398726.13,389237.726
000066.SZ,20220523,9.81,9.95,9.68,9.84,9.75,0.09,0.9231,308170.1,302910.12
000066.SZ,20220520,9.69,9.83,9.63,9.75,9.69,0.06,0.6192,232304.04,225855.728
000066.SZ,20220519,9.58,9.71,9.5,9.69,9.75,-0.06,-0.6154,243889.91,234463.727
000066.SZ,20220518,9.88,10.08,9.73,9.75,9.74,0.01,0.1027,331588.93,326927.18
000066.SZ,20220517,9.72,9.77,9.51,9.74,9.71,0.03,0.309,229605.58,222086.113
000066.SZ,20220516,9.82,9.95,9.63,9.71,9.82,-0.11,-1.1202,291563.79,284941.864
000066.SZ,20220513,9.95,9.99,9.73,9.82,9.88,-0.06,-0.6073,258073.92,253077.821
000066.SZ,20220512,9.62,10.12,9.58,9.88,9.71,0.17,1.7508,483488.66,478048.891
000066.SZ,20220511,9.66,10.04,9.63,9.71,9.71,0.0,0.0,617136.64,609173.54
000066.SZ,20220510,9.55,9.82,9.46,9.71,9.79,-0.08,-0.8172,532906.69,515696.697
000066.SZ,20220509,9.63,10.33,9.58,9.79,9.87,-0.08,-0.8105,885119.06,876715.809
000066.SZ,20220506,8.76,9.87,8.65,9.87,8.97,0.9,10.0334,632611.84,602306.191
000066.SZ,20220505,8.85,9.14,8.73,8.97,9.02,-0.05,-0.5543,336167.29,301619.453
000066.SZ,20220429,8.62,9.11,8.61,9.02,8.5,0.52,6.1176,369941.52,328874.327
000066.SZ,20220428,8.61,8.64,8.38,8.5,8.66,-0.16,-1.8476,280916.88,238775.539
000066.SZ,20220427,7.97,8.71,7.8,8.66,8.01,0.65,8.1149,498699.88,415542.042
000066.SZ,20220426,8.6,8.65,7.94,8.01,8.69,-0.68,-7.8251,581936.29,479872.086
000066.SZ,20220425,9.41,9.41,8.69,8.69,9.65,-0.96,-9.9482,541705.73,485823.728
000066.SZ,20220422,9.99,10.03,9.62,9.65,10.02,-0.37,-3.6926,334671.29,326954.258
000066.SZ,20220421,10.39,10.45,9.99,10.02,10.42,-0.4,-3.8388,210474.63,214885.645
000066.SZ,20220420,10.55,10.77,10.38,10.42,10.45,-0.03,-0.2871,194681.51,206092.43
000066.SZ,20220419,10.42,10.66,10.4,10.45,10.44,0.01,0.0958,145548.23,152874.355
000066.SZ,20220418,10.4,10.55,10.2,10.44,10.49,-0.05,-0.4766,174747.63,180990.403
000066.SZ,20220415,10.78,10.8,10.45,10.49,10.88,-0.39,-3.5846,277438.39,293549.605
000066.SZ,20220414,10.79,11.0,10.74,10.88,10.74,0.14,1.3035,175188.39,190222.752
000066.SZ,20220413,11.02,11.02,10.72,10.74,11.12,-0.38,-3.4173,169844.37,184693.294
000066.SZ,20220412,11.0,11.17,10.6,11.12,11.0,0.12,1.0909,282838.02,307536.727
000066.SZ,20220411,11.5,11.5,10.93,11.0,11.52,-0.52,-4.5139,300885.45,334510.178
000066.SZ,20220408,11.79,11.84,11.42,11.52,11.81,-0.29,-2.4555,246268.36,284431.634
000066.SZ,20220407,11.63,12.27,11.6,11.81,11.49,0.32,2.785,507326.45,606796.383
000066.SZ,20220406,11.51,11.55,11.42,11.49,11.51,-0.02,-0.1738,140144.93,160932.971
000066.SZ,20220401,11.47,11.52,11.33,11.51,11.51,0.0,0.0,140581.98,160711.491
000066.SZ,20220331,11.51,11.57,11.41,11.51,11.54,-0.03,-0.26,143205.58,164537.946
000066.SZ,20220330,11.57,11.57,11.38,11.54,11.37,0.17,1.4952,167139.22,192175.358
000066.SZ,20220329,11.66,11.74,11.33,11.37,11.66,-0.29,-2.4871,203166.11,232930.027
000066.SZ,20220328,11.57,11.79,11.35,11.66,11.57,0.09,0.7779,201358.3,233441.391
000066.SZ,20220325,11.8,11.86,11.57,11.57,11.76,-0.19,-1.6156,159681.33,186685.174
000066.SZ,20220324,11.88,11.89,11.66,11.76,11.97,-0.21,-1.7544,186220.39,218798.609
000066.SZ,20220323,11.9,12.03,11.88,11.97,11.89,0.08,0.6728,162148.71,193599.42
000066.SZ,20220322,11.99,12.03,11.87,11.89,11.99,-0.1,-0.834,153482.57,182926.655
000066.SZ,20220321,11.98,12.15,11.85,11.99,11.99,0.0,0.0,197282.53,236748.339
000066.SZ,20220318,11.81,12.0,11.76,11.99,11.87,0.12,1.011,194484.34,231334.475
000066.SZ,20220317,11.9,12.07,11.82,11.87,11.78,0.09,0.764,287372.75,343421.799
000066.SZ,20220316,11.6,11.88,11.23,11.78,11.47,0.31,2.7027,309454.4,358381.415
000066.SZ,20220315,12.04,12.18,11.45,11.47,12.14,-0.67,-5.5189,281971.52,333842.257
000066.SZ,20220314,12.11,12.45,12.03,12.14,12.3,-0.16,-1.3008,192213.89,235444.771
000066.SZ,20220311,11.91,12.32,11.75,12.3,12.15,0.15,1.2346,267605.16,321370.357
000066.SZ,20220310,12.38,12.45,12.11,12.15,12.13,0.02,0.1649,263046.11,322738.426
000066.SZ,20220309,12.54,12.67,11.51,12.13,12.51,-0.38,-3.0376,429041.99,519632.887
000066.SZ,20220308,12.99,13.08,12.43,12.51,12.99,-0.48,-3.6952,363818.52,462438.891
000066.SZ,20220307,13.31,13.34,12.89,12.99,13.25,-0.26,-1.9623,271282.65,353903.318
000066.SZ,20220304,13.19,13.37,13.11,13.25,13.31,-0.06,-0.4508,203531.39,269506.732
000066.SZ,20220303,13.45,13.5,13.15,13.31,13.5,-0.19,-1.4074,297251.59,395056.562
000066.SZ,20220302,13.23,13.62,13.12,13.5,13.34,0.16,1.1994,354412.81,476942.013
000066.SZ,20220301,13.23,13.44,13.2,13.34,13.28,0.06,0.4518,243250.45,323844.101
000066.SZ,20220228,13.26,13.38,13.0,13.28,13.28,0.0,0.0,231692.54,304842.421
000066.SZ,20220225,13.35,13.52,13.24,13.28,13.2,0.08,0.6061,274047.78,366011.837
000066.SZ,20220224,13.63,13.74,13.0,13.2,13.8,-0.6,-4.3478,607433.0,809929.225
000066.SZ,20220223,13.72,13.89,13.58,13.8,13.65,0.15,1.0989,388112.49,534174.88
000066.SZ,20220222,13.75,13.87,13.52,13.65,13.93,-0.28,-2.0101,443478.18,606877.337
000066.SZ,20220221,13.5,13.99,13.41,13.93,13.24,0.69,5.2115,797139.51,1100391.28
000066.SZ,20220218,13.07,13.36,13.05,13.24,12.95,0.29,2.2394,392513.92,518718.8
000066.SZ,20220217,12.99,13.09,12.88,12.95,13.07,-0.12,-0.9181,246121.69,319127.243
000066.SZ,20220216,13.18,13.2,12.95,13.07,13.03,0.04,0.307,196588.31,256752.436
000066.SZ,20220215,12.96,13.07,12.87,13.03,12.9,0.13,1.0078,199847.51,259079.047
000066.SZ,20220214,13.04,13.08,12.75,12.9,13.07,-0.17,-1.3007,216640.68,279660.58
000066.SZ,20220211,13.34,13.41,12.98,13.07,13.39,-0.32,-2.3898,347136.98,455872.771
000066.SZ,20220210,13.45,13.56,13.35,13.39,13.48,-0.09,-0.6677,239031.32,321004.755
000066.SZ,20220209,13.25,13.58,13.18,13.48,13.25,0.23,1.7358,365791.01,492180.431
000066.SZ,20220208,13.04,13.26,12.85,13.25,13.03,0.22,1.6884,274531.79,358805.561
000066.SZ,20220207,13.1,13.27,12.93,13.03,12.7,0.33,2.5984,393372.66,514323.595
000066.SZ,20220128,12.78,12.96,12.58,12.7,12.67,0.03,0.2368,416455.98,532904.242
000066.SZ,20220127,13.58,13.64,12.6,12.67,13.62,-0.95,-6.975,686749.22,894945.951
000066.SZ,20220126,13.82,13.88,13.42,13.62,13.57,0.05,0.3685,491867.53,669512.671
000066.SZ,20220125,14.6,14.77,13.56,13.57,14.73,-1.16,-7.8751,835954.4,1176801.153
000066.SZ,20220124,14.81,15.12,14.6,14.73,14.91,-0.18,-1.2072,416403.76,619603.87
000066.SZ,20220121,14.89,15.19,14.72,14.91,14.93,-0.02,-0.134,436688.88,651722.913
000066.SZ,20220120,15.15,15.17,14.84,14.93,15.16,-0.23,-1.5172,421521.5,632860.415
000066.SZ,20220119,15.24,15.39,14.93,15.16,15.44,-0.28,-1.8135,605939.28,916827.112
000066.SZ,20220118,15.51,15.95,15.27,15.44,15.58,-0.14,-0.8986,905465.08,1409760.463
000066.SZ,20220117,15.1,15.79,15.07,15.58,14.94,0.64,4.2838,961144.84,1485175.661
000066.SZ,20220114,14.9,15.12,14.75,14.94,15.02,-0.08,-0.5326,427518.18,638182.305
000066.SZ,20220113,15.51,15.65,14.95,15.02,15.37,-0.35,-2.2772,555718.65,841517.974
000066.SZ,20220112,15.4,15.6,15.2,15.37,15.44,-0.07,-0.4534,551623.92,846909.41
000066.SZ,20220111,15.15,15.57,15.11,15.44,15.43,0.01,0.0648,877507.17,1353364.299
000066.SZ,20220110,14.68,15.85,14.6,15.43,14.5,0.93,6.4138,1479111.45,2278230.576
000066.SZ,20220107,14.85,15.03,14.47,14.5,14.88,-0.38,-2.5538,550375.57,808191.388
000066.SZ,20220106,14.8,14.92,14.56,14.88,14.93,-0.05,-0.3349,569236.32,840127.903
000066.SZ,20220105,14.59,15.07,14.52,14.93,14.67,0.26,1.7723,1059296.31,1572696.307
000066.SZ,20220104,14.24,14.93,14.23,14.67,14.16,0.51,3.6017,837052.96,1220461.197
000066.SZ,20211231,14.4,14.44,14.08,14.16,14.35,-0.19,-1.324,467092.31,662829.598
000066.SZ,20211230,14.01,14.65,14.0,14.35,13.96,0.39,2.7937,790623.88,1136744.299
000066.SZ,20211229,13.9,14.05,13.87,13.96,13.95,0.01,0.0717,308632.1,431567.956
000066.SZ,20211228,13.78,13.95,13.71,13.95,13.71,0.24,1.7505,325936.52,451103.452
000066.SZ,20211227,13.67,13.79,13.61,13.71,13.68,0.03,0.2193,205522.41,281217.952
000066.SZ,20211224,13.8,13.86,13.63,13.68,13.87,-0.19,-1.3699,242832.08,332899.393
000066.SZ,20211223,13.81,13.95,13.65,13.87,13.72,0.15,1.0933,315331.11,435958.622
000066.SZ,20211222,13.71,13.85,13.67,13.72,13.64,0.08,0.5865,259623.42,357187.909
000066.SZ,20211221,13.6,13.7,13.58,13.64,13.63,0.01,0.0734,161196.55,219630.992
000066.SZ,20211220,13.74,13.76,13.61,13.63,13.64,-0.01,-0.0733,188346.15,257420.56
000066.SZ,20211217,13.85,13.87,13.59,13.64,13.9,-0.26,-1.8705,382636.86,523435.451
000066.SZ,20211216,13.93,13.95,13.83,13.9,13.84,0.06,0.4335,195953.86,271922.555
000066.SZ,20211215,13.91,14.02,13.82,13.84,13.95,-0.11,-0.7885,269111.47,373970.365
000066.SZ,20211214,13.93,14.04,13.88,13.95,14.0,-0.05,-0.3571,220475.57,307685.498
000066.SZ,20211213,14.0,14.15,13.88,14.0,14.05,-0.05,-0.3559,306364.32,429520.015
000066.SZ,20211210,14.19,14.28,13.97,14.05,14.18,-0.13,-0.9168,395680.7,558197.221
000066.SZ,20211209,14.16,14.27,14.11,14.18,14.19,-0.01,-0.0705,354026.58,502127.412
000066.SZ,20211208,13.98,14.22,13.89,14.19,13.9,0.29,2.0863,507996.39,717363.988
000066.SZ,20211207,14.03,14.06,13.75,13.9,13.97,-0.07,-0.5011,308193.26,427499.294
000066.SZ,20211206,13.98,14.13,13.75,13.97,13.85,0.12,0.8664,412530.78,575726.44
000066.SZ,20211203,13.77,13.9,13.77,13.85,13.74,0.11,0.8006,227128.43,314223.348
000066.SZ,20211202,14.06,14.06,13.74,13.74,14.06,-0.32,-2.276,371771.99,514562.939
000066.SZ,20211201,14.05,14.14,13.93,14.06,14.06,0.0,0.0,305513.2,428956.375
000066.SZ,20211130,13.87,14.28,13.83,14.06,13.74,0.32,2.329,565234.49,799601.653
000066.SZ,20211129,13.75,13.85,13.58,13.74,13.94,-0.2,-1.4347,331573.87,454558.064
000066.SZ,20211126,14.0,14.06,13.8,13.94,14.04,-0.1,-0.7123,354298.58,492874.456
000066.SZ,20211125,14.2,14.3,14.01,14.04,14.17,-0.13,-0.9174,341458.54,482463.231
000066.SZ,20211124,14.35,14.38,14.14,14.17,14.36,-0.19,-1.3231,376809.12,535801.265
000066.SZ,20211123,14.53,14.6,14.29,14.36,14.41,-0.05,-0.347,521157.43,751573.662
000066.SZ,20211122,13.81,14.59,13.77,14.41,13.76,0.65,4.7238,970940.73,1387539.724
000066.SZ,20211119,13.52,13.8,13.38,13.76,13.53,0.23,1.6999,350466.0,476961.613
000066.SZ,20211118,13.61,13.9,13.53,13.53,13.61,-0.08,-0.5878,339169.57,464812.019
000066.SZ,20211117,13.68,13.74,13.38,13.61,13.78,-0.17,-1.2337,389447.89,527484.699
000066.SZ,20211116,13.9,14.1,13.77,13.78,13.94,-0.16,-1.1478,375814.94,523680.335
000066.SZ,20211115,13.96,14.13,13.73,13.94,13.95,-0.01,-0.0717,422046.97,587628.613
000066.SZ,20211112,14.01,14.09,13.92,13.95,14.01,-0.06,-0.4283,264472.33,369999.351
000066.SZ,20211111,13.91,14.21,13.77,14.01,13.92,0.09,0.6466,373577.87,522607.202
000066.SZ,20211110,13.81,14.09,13.75,13.92,13.81,0.11,0.7965,353846.37,493286.373
000066.SZ,20211109,14.1,14.11,13.67,13.81,14.0,-0.19,-1.3571,368439.25,509644.578
000066.SZ,20211108,13.96,14.05,13.76,14.0,13.95,0.05,0.3584,296497.55,412468.962
000066.SZ,20211105,13.94,14.14,13.68,13.95,13.79,0.16,1.1603,508841.34,710316.174
000066.SZ,20211104,13.35,13.97,13.35,13.79,13.44,0.35,2.6042,428890.22,590010.005
000066.SZ,20211103,13.33,13.55,13.22,13.44,13.24,0.2,1.5106,284800.18,382968.742
000066.SZ,20211102,13.39,13.62,13.11,13.24,13.39,-0.15,-1.1202,308850.76,412533.237
000066.SZ,20211101,13.48,13.52,13.26,13.39,13.45,-0.06,-0.4461,233456.02,312471.654
000066.SZ,20211029,13.25,13.5,13.2,13.45,13.19,0.26,1.9712,197033.63,263825.202
000066.SZ,20211028,13.37,13.4,13.1,13.19,13.36,-0.17,-1.2725,229087.22,303400.835
000066.SZ,20211027,13.97,13.98,13.31,13.36,13.9,-0.54,-3.8849,388751.42,525811.356
000066.SZ,20211026,14.12,14.23,13.88,13.9,14.15,-0.25,-1.7668,283370.3,398059.12
000066.SZ,20211025,14.07,14.16,13.9,14.15,14.14,0.01,0.0707,289654.53,406148.635
000066.SZ,20211022,13.72,14.31,13.7,14.14,13.74,0.4,2.9112,501502.39,706827.439
000066.SZ,20211021,13.78,13.88,13.7,13.74,13.94,-0.2,-1.4347,209290.21,288080.706
000066.SZ,20211020,13.74,14.08,13.74,13.94,13.66,0.28,2.0498,392233.04,547405.526
000066.SZ,20211019,13.51,13.73,13.47,13.66,13.51,0.15,1.1103,210394.73,286905.32
000066.SZ,20211018,13.65,13.7,13.41,13.51,13.63,-0.12,-0.8804,177863.58,240175.882
000066.SZ,20211015,13.48,13.74,13.48,13.63,13.5,0.13,0.963,242336.11,330908.911
000066.SZ,20211014,13.54,13.56,13.39,13.5,13.61,-0.11,-0.8082,153868.07,207354.165
000066.SZ,20211013,13.65,13.75,13.46,13.61,13.42,0.19,1.4158,200928.1,273169.188
000066.SZ,20211012,13.56,13.58,13.2,13.42,13.56,-0.14,-1.0324,195662.98,261916.364
000066.SZ,20211011,13.5,13.58,13.34,13.56,13.71,-0.15,-1.0941,270562.45,364959.498
000066.SZ,20211008,13.21,13.93,13.21,13.71,13.19,0.52,3.9424,431084.58,585446.391
000066.SZ,20210930,13.22,13.48,13.17,13.19,12.8,0.39,3.0469,271128.86,359908.803
000066.SZ,20210929,13.16,13.16,12.79,12.8,13.23,-0.43,-3.2502,326217.65,421940.37
000066.SZ,20210928,13.39,13.44,13.18,13.23,13.46,-0.23,-1.7088,205362.49,272405.629
000066.SZ,20210927,13.57,13.77,13.25,13.46,13.43,0.03,0.2234,285037.5,385882.409
000066.SZ,20210924,13.55,13.75,13.41,13.43,13.66,-0.23,-1.6837,279499.62,378254.343
000066.SZ,20210923,13.3,13.74,13.21,13.66,13.25,0.41,3.0943,448619.37,604274.879
000066.SZ,20210922,13.13,13.42,13.06,13.25,13.31,-0.06,-0.4508,208934.58,277127.377
000066.SZ,20210917,13.48,13.51,13.03,13.31,13.42,-0.11,-0.8197,421567.18,557279.083
000066.SZ,20210916,14.27,14.27,13.38,13.42,14.31,-0.89,-6.2194,752440.44,1041595.472
000066.SZ,20210915,14.45,14.53,14.28,14.31,14.52,-0.21,-1.4463,339553.41,487056.584
000066.SZ,20210914,14.49,14.83,14.39,14.52,14.52,0.0,0.0,457357.28,669067.181
000066.SZ,20210913,14.9,14.95,14.47,14.52,14.85,-0.33,-2.2222,503499.55,736026.06
000066.SZ,20210910,14.6,14.98,14.53,14.85,14.64,0.21,1.4344,605837.43,893687.698
000066.SZ,20210909,14.4,14.64,14.21,14.64,14.41,0.23,1.5961,610818.18,883353.615
000066.SZ,20210908,14.46,14.72,14.36,14.41,14.46,-0.05,-0.3458,590307.26,854684.543
000066.SZ,20210907,14.36,14.52,14.23,14.46,14.4,0.06,0.4167,432754.89,624210.832
000066.SZ,20210906,14.26,14.42,13.9,14.4,14.25,0.15,1.0526,478224.62,681272.865
000066.SZ,20210903,14.36,14.63,14.19,14.25,14.45,-0.2,-1.3841,515272.94,740974.249
000066.SZ,20210902,14.62,14.66,14.34,14.45,14.68,-0.23,-1.5668,445890.99,644449.664
000066.SZ,20210901,14.6,14.84,14.3,14.68,14.69,-0.01,-0.0681,508942.95,741899.763
000066.SZ,20210831,15.01,15.1,14.35,14.69,14.96,-0.27,-1.8048,694949.86,1014763.615
000066.SZ,20210830,14.79,15.45,14.78,14.96,14.57,0.39,2.6767,686490.31,1035481.749
000066.SZ,20210827,15.14,15.14,14.37,14.57,15.4,-0.83,-5.3896,915247.49,1342067.057
000066.SZ,20210826,15.85,16.23,15.4,15.4,15.65,-0.25,-1.5974,663756.59,1048371.715
000066.SZ,20210825,15.53,15.75,15.39,15.65,15.54,0.11,0.7079,400893.01,625007.126
000066.SZ,20210824,15.78,15.78,15.42,15.54,15.78,-0.24,-1.5209,533758.8,830246.526
000066.SZ,20210823,15.59,16.02,15.53,15.78,15.46,0.32,2.0699,624111.94,980792.524
000066.SZ,20210820,15.46,15.68,15.05,15.46,15.45,0.01,0.0647,526421.63,808501.776
000066.SZ,20210819,15.55,15.7,15.32,15.45,15.66,-0.21,-1.341,450836.97,698596.346
000066.SZ,20210818,15.48,15.84,15.31,15.66,15.55,0.11,0.7074,572402.64,890925.754
000066.SZ,20210817,16.16,16.32,15.52,15.55,16.21,-0.66,-4.0716,747854.68,1192083.932
000066.SZ,20210816,16.24,16.6,15.94,16.21,16.19,0.02,0.1235,806796.85,1314286.663
000066.SZ,20210813,16.38,16.55,16.07,16.19,16.72,-0.53,-3.1699,1018979.99,1654370.21
000066.SZ,20210812,17.28,17.8,16.66,16.72,16.99,-0.27,-1.5892,1220533.88,2098728.089
000066.SZ,20210811,17.12,17.24,16.8,16.99,17.11,-0.12,-0.7013,757072.74,1287868.957
000066.SZ,20210810,17.0,17.51,16.72,17.11,17.2,-0.09,-0.5233,1014244.75,1737818.514
000066.SZ,20210809,17.9,18.5,16.98,17.2,17.33,-0.13,-0.7501,1402987.52,2473308.367
000066.SZ,20210806,17.52,17.73,16.9,17.33,17.46,-0.13,-0.7446,1125224.63,1936736.043
000066.SZ,20210805,17.25,17.79,16.96,17.46,17.54,-0.08,-0.4561,1234099.01,2150272.769
000066.SZ,20210804,16.7,17.98,16.7,17.54,16.67,0.87,5.219,1733864.46,3035102.129
000066.SZ,20210803,16.98,17.53,16.53,16.67,16.98,-0.31,-1.8257,1798370.53,3056433.585
000066.SZ,20210802,16.05,17.15,15.89,16.98,15.95,1.03,6.4577,2270780.53,3760762.183
000066.SZ,20210730,15.44,16.16,15.3,15.95,15.23,0.72,4.7275,1833948.19,2907160.162
000066.SZ,20210729,14.68,15.5,14.5,15.23,14.4,0.83,5.7639,1200518.53,1813100.096
000066.SZ,20210728,15.0,15.23,14.24,14.4,15.13,-0.73,-4.8249,1059670.34,1553880.901
000066.SZ,20210727,14.62,15.88,14.35,15.13,14.55,0.58,3.9863,1833168.71,2802417.067
000066.SZ,20210726,14.36,14.7,14.15,14.55,14.37,0.18,1.2526,600517.91,868476.944
000066.SZ,20210723,14.7,14.82,14.36,14.37,14.83,-0.46,-3.1018,631348.15,915058.419
000066.SZ,20210722,15.21,15.26,14.77,14.83,15.15,-0.32,-2.1122,598245.17,892830.86
000066.SZ,20210721,14.9,15.25,14.85,15.15,14.91,0.24,1.6097,667791.68,1008757.274
000066.SZ,20210720,14.9,15.05,14.6,14.91,15.06,-0.15,-0.996,433930.3,643759.033
000066.SZ,20210719,14.76,15.2,14.66,15.06,14.8,0.26,1.7568,652864.52,978556.097
000066.SZ,20210716,14.68,15.1,14.5,14.8,14.68,0.12,0.8174,686954.26,1020662.07
000066.SZ,20210715,14.53,14.84,14.23,14.77,14.82,-0.05,-0.3374,812639.45,1178220.066
000066.SZ,20210714,15.81,15.81,14.82,14.82,16.08,-1.26,-7.8358,1558548.06,2372998.92
000066.SZ,20210713,15.1,16.59,15.08,16.08,15.08,1.0,6.6313,2098178.26,3415654.885
000066.SZ,20210712,14.61,15.25,14.52,15.08,14.65,0.43,2.9352,827718.32,1245722.675
000066.SZ,20210709,14.72,15.06,14.45,14.65,14.87,-0.22,-1.4795,561291.85,823442.556
000066.SZ,20210708,14.24,15.0,14.14,14.87,14.28,0.59,4.1317,958849.79,1404680.914
000066.SZ,20210707,14.27,14.39,14.05,14.28,14.45,-0.17,-1.1765,386361.97,549647.891
000066.SZ,20210706,14.28,14.65,14.07,14.45,14.28,0.17,1.1905,512155.23,735958.549
000066.SZ,20210705,14.2,14.38,14.12,14.28,14.1,0.18,1.2766,327959.59,467117.747
000066.SZ,20210702,14.07,14.42,13.99,14.1,14.11,-0.01,-0.0709,489566.4,692774.816
000066.SZ,20210701,14.71,14.76,14.08,14.11,14.6,-0.49,-3.3562,515854.45,740148.766
000066.SZ,20210630,15.08,15.15,14.3,14.6,14.88,-0.28,-1.8817,811484.05,1183634.543
000066.SZ,20210629,15.41,15.7,14.83,14.88,15.47,-0.59,-3.8138,724118.95,1099576.471
000066.SZ,20210628,15.54,15.85,15.35,15.47,15.66,-0.19,-1.2133,613424.83,955711.258
000066.SZ,20210625,15.68,16.08,15.42,15.66,15.75,-0.09,-0.5714,790698.49,1240542.764
000066.SZ,20210624,15.96,16.28,15.53,15.75,15.97,-0.22,-1.3776,830347.01,1312659.046
000066.SZ,20210623,15.0,16.39,14.75,15.97,14.98,0.99,6.6088,1680585.13,2646228.378
000066.SZ,20210622,15.23,15.4,14.75,14.98,15.17,-0.19,-1.2525,813211.36,1225261.085
000066.SZ,20210621,14.39,15.68,14.21,15.17,14.36,0.81,5.6407,1039188.94,1568787.447
000066.SZ,20210618,14.52,14.69,14.21,14.36,14.52,-0.16,-1.1019,521097.23,751376.714
000066.SZ,20210617,14.05,14.75,14.0,14.52,13.97,0.55,3.937,696827.91,1002631.552
000066.SZ,20210616,14.1,14.31,13.97,13.97,14.19,-0.22,-1.5504,461204.06,651293.47
000066.SZ,20210615,14.5,14.55,14.06,14.19,14.76,-0.57,-3.8618,726743.4,1035418.715
000066.SZ,20210611,15.27,15.37,14.74,14.76,15.44,-0.68,-4.4041,1082600.39,1624704.737
000066.SZ,20210610,14.5,15.5,14.43,15.44,14.64,0.8,5.4645,1531648.74,2331953.898
000066.SZ,20210609,14.7,14.96,14.33,14.64,14.81,-0.17,-1.1479,648369.35,944795.25
000066.SZ,20210608,14.96,15.17,14.72,14.81,15.09,-0.28,-1.8555,824973.91,1229045.093
000066.SZ,20210607,14.4,15.09,14.31,15.09,14.3,0.79,5.5245,1242973.43,1845600.374
000066.SZ,20210604,14.16,14.51,14.1,14.3,14.27,0.03,0.2102,618469.41,886067.681
000066.SZ,20210603,14.85,15.08,14.21,14.27,14.84,-0.57,-3.841,904040.16,1322474.264
000066.SZ,20210602,15.15,15.23,14.73,14.84,15.16,-0.32,-2.1108,717576.21,1071242.455
000066.SZ,20210601,15.1,15.23,14.66,15.16,15.28,-0.12,-0.7853,937187.65,1402444.965
000066.SZ,20210531,15.35,15.48,14.8,15.28,15.13,0.15,0.9914,1033652.05,1571521.733
000066.SZ,20210528,14.7,15.55,14.54,15.13,14.65,0.48,3.2765,1533868.02,2321375.296
000066.SZ,20210527,14.5,14.88,14.3,14.65,14.77,-0.12,-0.8125,1224801.45,1783658.739
000066.SZ,20210526,15.73,15.9,14.52,14.77,15.66,-0.89,-5.6833,2006153.95,3007723.764
000066.SZ,20210525,15.53,15.92,15.15,15.66,15.52,0.14,0.9021,1663076.75,2587945.689
000066.SZ,20210524,14.62,15.9,14.3,15.52,14.47,1.05,7.2564,2202667.83,3351165.591
000066.SZ,20210521,15.26,15.43,14.0,14.47,15.26,-0.79,-5.1769,1791117.77,2610890.805
000066.SZ,20210520,15.62,15.79,15.04,15.26,15.61,-0.35,-2.2422,1617733.19,2481822.092
000066.SZ,20210519,14.5,15.61,14.29,15.61,14.19,1.42,10.007,2805934.11,4263021.208
000066.SZ,20210518,12.9,14.19,12.78,14.19,12.9,1.29,10.0,1339734.86,1840191.531
000066.SZ,20210517,12.35,13.42,12.35,12.9,12.31,0.59,4.7929,872795.63,1137834.72
000066.SZ,20210514,12.16,12.4,12.07,12.31,12.3,0.01,0.0813,452263.34,553997.598
000066.SZ,20210513,11.58,12.47,11.57,12.3,11.72,0.58,4.9488,815934.58,994837.915
000066.SZ,20210512,11.7,11.76,11.5,11.72,11.75,-0.03,-0.2553,289908.86,337801.394
000066.SZ,20210511,11.43,11.82,11.32,11.75,11.42,0.33,2.8897,440285.89,510072.386
000066.SZ,20210510,11.28,11.56,11.24,11.42,11.32,0.1,0.8834,296748.14,338544.59
000066.SZ,20210507,11.63,11.72,11.25,11.32,11.61,-0.29,-2.4978,398669.2,457131.955
000066.SZ,20210506,11.68,11.92,11.53,11.61,11.81,-0.2,-1.6935,285762.83,333562.851
000066.SZ,20210430,12.0,12.08,11.72,11.81,11.98,-0.17,-1.419,247320.94,293307.436
000066.SZ,20210429,11.88,12.24,11.87,11.98,11.87,0.11,0.9267,337712.79,407103.179
000066.SZ,20210428,11.87,11.94,11.6,11.87,11.87,0.0,0.0,377644.17,444825.534
000066.SZ,20210427,12.47,12.55,11.82,11.87,12.5,-0.63,-5.04,510208.29,613364.705
000066.SZ,20210426,12.37,12.92,12.31,12.5,12.38,0.12,0.9693,500349.55,635080.203
000066.SZ,20210423,12.62,12.62,12.21,12.38,12.64,-0.26,-2.057,466296.05,578246.898
000066.SZ,20210422,12.71,12.88,12.59,12.64,12.73,-0.09,-0.707,278349.55,353418.264
000066.SZ,20210421,12.72,12.77,12.61,12.73,12.83,-0.1,-0.7794,214765.53,272465.68
000066.SZ,20210420,12.91,12.99,12.77,12.83,12.99,-0.16,-1.2317,248631.67,320028.787
000066.SZ,20210419,12.79,13.04,12.65,12.99,12.8,0.19,1.4844,371332.46,478271.904
000066.SZ,20210416,12.74,12.88,12.63,12.8,12.78,0.02,0.1565,204430.65,260608.181
000066.SZ,20210415,12.77,12.92,12.63,12.78,12.83,-0.05,-0.3897,234161.49,298325.176
000066.SZ,20210414,12.56,12.85,12.39,12.83,12.55,0.28,2.2311,339971.36,429664.678
000066.SZ,20210413,12.71,12.77,12.48,12.55,12.69,-0.14,-1.1032,404754.08,510385.106
000066.SZ,20210412,13.08,13.48,12.58,12.69,13.46,-0.77,-5.7207,751340.92,973889.215
000066.SZ,20210409,14.74,14.74,13.23,13.46,14.7,-1.24,-8.4354,1279832.54,1744939.39
000066.SZ,20210408,14.8,14.86,14.63,14.7,14.8,-0.1,-0.6757,206750.66,305076.281
000066.SZ,20210407,15.0,15.02,14.62,14.8,15.05,-0.25,-1.6611,260748.68,384851.53
000066.SZ,20210406,15.1,15.26,14.96,15.05,15.02,0.03,0.1997,228215.23,344166.79
000066.SZ,20210402,15.02,15.15,14.89,15.02,14.83,0.19,1.2812,260494.44,391608.724
000066.SZ,20210401,14.86,14.95,14.7,14.83,14.86,-0.03,-0.2019,199858.48,296360.647
000066.SZ,20210331,15.02,15.03,14.8,14.86,15.13,-0.27,-1.7845,189796.76,282753.617
000066.SZ,20210330,14.95,15.25,14.9,15.13,15.06,0.07,0.4648,246487.86,372105.823
000066.SZ,20210329,15.02,15.28,14.97,15.06,15.02,0.04,0.2663,245292.57,370699.474
000066.SZ,20210326,14.9,15.15,14.76,15.02,14.85,0.17,1.1448,226393.22,339115.989
000066.SZ,20210325,14.82,15.14,14.75,14.85,14.84,0.01,0.0674,175766.56,262758.692
000066.SZ,20210324,15.2,15.25,14.78,14.84,15.31,-0.47,-3.0699,274362.91,410419.564
000066.SZ,20210323,15.05,15.5,15.05,15.31,15.05,0.26,1.7276,318217.85,486922.96
000066.SZ,20210322,14.89,15.14,14.87,15.05,14.89,0.16,1.0745,194319.85,292095.259
000066.SZ,20210319,14.63,15.27,14.51,14.89,14.83,0.06,0.4046,284686.7,425934.575
000066.SZ,20210318,15.08,15.11,14.81,14.83,15.13,-0.3,-1.9828,258853.16,385376.314
000066.SZ,20210317,14.9,15.2,14.78,15.13,14.82,0.31,2.0918,275421.84,415009.494
000066.SZ,20210316,14.7,14.93,14.58,14.82,14.71,0.11,0.7478,224796.84,331446.715
000066.SZ,20210315,14.86,15.1,14.6,14.71,14.96,-0.25,-1.6711,254956.38,377539.555
000066.SZ,20210312,15.29,15.33,14.82,14.96,15.18,-0.22,-1.4493,260437.5,389248.344
000066.SZ,20210311,14.88,15.28,14.66,15.18,14.86,0.32,2.1534,338827.51,508374.093
000066.SZ,20210310,15.76,15.84,14.76,14.86,15.5,-0.64,-4.129,487992.77,740700.029
000066.SZ,20210309,15.88,16.12,15.43,15.5,15.88,-0.38,-2.3929,386738.22,610218.764
000066.SZ,20210308,16.99,17.05,15.88,15.88,17.0,-1.12,-6.5882,570061.88,932618.419
000066.SZ,20210305,16.2,17.13,16.18,17.0,16.6,0.4,2.4096,446108.34,746128.214
000066.SZ,20210304,17.18,17.36,16.58,16.6,17.44,-0.84,-4.8165,509166.43,859872.863
000066.SZ,20210303,17.53,17.58,17.27,17.44,17.63,-0.19,-1.0777,391348.66,681421.478
000066.SZ,20210302,17.7,17.9,17.17,17.63,17.77,-0.14,-0.7878,565245.1,987877.417
000066.SZ,20210301,17.27,17.78,17.1,17.77,17.27,0.5,2.8952,713433.2,1248452.294
000066.SZ,20210226,17.01,17.42,16.8,17.27,17.45,-0.18,-1.0315,674731.24,1156331.857
000066.SZ,20210225,16.95,17.8,16.8,17.45,17.16,0.29,1.69,1195837.85,2068193.163
000066.SZ,20210224,16.09,17.61,16.09,17.16,16.01,1.15,7.183,1395428.33,2407772.832
000066.SZ,20210223,15.91,16.25,15.6,16.01,16.2,-0.19,-1.1728,396834.03,632201.228
000066.SZ,20210222,16.66,16.88,16.2,16.2,16.67,-0.47,-2.8194,559449.66,926047.249
000066.SZ,20210219,16.26,16.79,15.95,16.67,16.33,0.34,2.0821,506706.88,831112.266
000066.SZ,20210218,16.2,16.91,16.08,16.33,15.87,0.46,2.8986,628833.86,1037436.111
000066.SZ,20210210,15.75,15.95,15.51,15.87,15.74,0.13,0.8259,361137.44,569352.681
000066.SZ,20210209,15.35,16.01,15.2,15.74,15.3,0.44,2.8758,468566.04,732769.767
000066.SZ,20210208,15.7,15.83,15.2,15.3,15.67,-0.37,-2.3612,477198.27,740422.653
000066.SZ,20210205,16.45,16.58,15.6,15.67,16.38,-0.71,-4.3346,474245.39,761875.012
000066.SZ,20210204,16.65,16.88,15.83,16.38,16.7,-0.32,-1.9162,623817.59,1014054.805
000066.SZ,20210203,17.6,17.65,16.65,16.7,17.67,-0.97,-5.4895,589775.33,1009983.192
000066.SZ,20210202,17.75,17.95,17.25,17.67,17.53,0.14,0.7986,488217.12,859103.136
000066.SZ,20210201,17.71,17.97,17.4,17.53,17.32,0.21,1.2125,510511.51,903432.242
000066.SZ,20210129,17.66,17.85,16.86,17.32,17.54,-0.22,-1.2543,512028.69,886743.05
000066.SZ,20210128,17.51,18.02,17.22,17.54,17.57,-0.03,-0.1707,490309.0,869067.043
000066.SZ,20210127,17.29,17.86,17.06,17.57,17.4,0.17,0.977,492643.05,863328.68
000066.SZ,20210126,18.89,19.0,17.38,17.4,19.07,-1.67,-8.7572,1044300.65,1874312.241
000066.SZ,20210125,17.95,19.16,17.88,19.07,18.09,0.98,5.4174,1076943.95,1999171.285
000066.SZ,20210122,18.51,18.6,17.59,18.09,18.72,-0.63,-3.3654,1117682.02,2006233.904
000066.SZ,20210121,18.77,19.25,18.53,18.72,18.56,0.16,0.8621,662153.77,1248296.399
000066.SZ,20210120,18.61,18.8,18.2,18.56,18.7,-0.14,-0.7487,572889.33,1058981.234
000066.SZ,20210119,19.28,19.8,18.65,18.7,18.95,-0.25,-1.3193,715440.03,1368374.137
000066.SZ,20210118,18.36,19.23,18.28,18.95,18.36,0.59,3.2135,708417.56,1337417.773
000066.SZ,20210115,18.92,19.15,18.02,18.36,18.92,-0.56,-2.9598,808513.57,1498094.517
000066.SZ,20210114,19.09,19.45,18.32,18.92,19.1,-0.18,-0.9424,873362.7,1651950.979
000066.SZ,20210113,19.97,20.0,18.5,19.1,20.13,-1.03,-5.1167,1316814.89,2526433.275
000066.SZ,20210112,19.81,20.2,19.59,20.13,20.03,0.1,0.4993,991496.61,1972728.182
000066.SZ,20210111,19.84,20.8,19.38,20.03,19.66,0.37,1.882,1452405.96,2946897.032
000066.SZ,20210108,19.53,20.33,19.39,19.66,19.6,0.06,0.3061,1032179.75,2051549.328
000066.SZ,20210107,20.27,20.42,19.1,19.6,20.3,-0.7,-3.4483,1339724.27,2632757.687
000066.SZ,20210106,20.59,20.79,19.8,20.3,20.65,-0.35,-1.6949,985235.75,1990098.859
000066.SZ,20210105,20.18,20.92,19.92,20.65,20.7,-0.05,-0.2415,1391689.68,2842897.125
000066.SZ,20210104,19.25,20.89,19.18,20.7,18.99,1.71,9.0047,1758544.23,3572707.383
000066.SZ,20201231,18.0,19.42,17.9,18.99,17.78,1.21,6.8054,1256635.08,2367914.608
000066.SZ,20201230,17.63,18.29,17.43,17.78,17.85,-0.07,-0.3922,923348.39,1650862.153
000066.SZ,20201229,17.1,18.15,16.94,17.85,17.28,0.57,3.2986,1098970.17,1938625.281
000066.SZ,20201228,17.19,17.88,16.91,17.28,17.19,0.09,0.5236,904784.22,1576006.639
000066.SZ,20201225,17.21,17.49,16.89,17.19,17.25,-0.06,-0.3478,698798.99,1202028.015
000066.SZ,20201224,16.71,17.8,16.68,17.25,16.8,0.45,2.6786,1353174.93,2348347.008
000066.SZ,20201223,16.11,16.83,15.78,16.8,15.95,0.85,5.3292,1126278.51,1851135.211
000066.SZ,20201222,16.13,16.7,15.91,15.95,16.25,-0.3,-1.8462,819759.16,1338503.81
000066.SZ,20201221,15.92,16.66,15.79,16.25,15.72,0.53,3.3715,931011.87,1514571.937
000066.SZ,20201218,16.3,16.3,15.7,15.72,16.2,-0.48,-2.963,660729.79,1047326.951
000066.SZ,20201217,15.98,16.24,15.61,16.2,16.08,0.12,0.7463,828558.76,1317617.201
000066.SZ,20201216,16.01,16.3,15.75,16.08,15.73,0.35,2.225,1468056.58,2348612.822
000066.SZ,20201215,14.25,15.73,14.16,15.73,14.3,1.43,10.0,1285307.54,1984413.177
000066.SZ,20201214,14.18,14.3,13.95,14.3,14.18,0.12,0.8463,245655.8,347273.732
000066.SZ,20201211,14.64,14.65,14.0,14.18,14.63,-0.45,-3.0759,494865.38,703022.394
000066.SZ,20201210,15.01,15.05,14.6,14.63,15.11,-0.48,-3.1767,375409.45,555156.263
000066.SZ,20201209,15.35,15.7,15.1,15.11,15.37,-0.26,-1.6916,387383.52,595456.335
000066.SZ,20201208,15.49,15.68,15.32,15.37,15.53,-0.16,-1.0303,273909.73,422891.867
000066.SZ,20201207,15.66,15.96,15.49,15.53,15.4,0.13,0.8442,467047.23,734483.064
000066.SZ,20201204,15.47,15.65,15.32,15.4,15.37,0.03,0.1952,352792.48,544869.734
000066.SZ,20201203,14.86,15.73,14.81,15.37,14.78,0.59,3.9919,749566.71,1149228.721
000066.SZ,20201202,14.71,14.94,14.69,14.78,14.83,-0.05,-0.3372,275763.36,407570.258
000066.SZ,20201201,14.4,14.85,14.36,14.83,14.42,0.41,2.8433,350804.43,514894.193
000066.SZ,20201130,14.39,14.63,14.27,14.42,14.4,0.02,0.1389,235146.68,340411.347
000066.SZ,20201127,14.41,14.47,14.19,14.4,14.41,-0.01,-0.0694,255148.2,364919.057
000066.SZ,20201126,14.53,14.6,14.35,14.41,14.53,-0.12,-0.8259,205568.53,296699.858
000066.SZ,20201125,14.9,14.98,14.51,14.53,14.9,-0.37,-2.4832,347074.35,508888.721
000066.SZ,20201124,14.96,15.25,14.87,14.9,14.96,-0.06,-0.4011,345929.46,520088.666
000066.SZ,20201123,15.03,15.08,14.83,14.96,15.1,-0.14,-0.9272,251496.04,375067.55
000066.SZ,20201120,15.17,15.26,14.98,15.1,15.14,-0.04,-0.2642,236665.84,356983.476
000066.SZ,20201119,14.82,15.23,14.8,15.14,15.02,0.12,0.7989,242864.33,366527.58
000066.SZ,20201118,14.98,15.11,14.8,15.02,14.9,0.12,0.8054,259135.9,387374.559
000066.SZ,20201117,15.1,15.11,14.65,14.9,15.12,-0.22,-1.455,292093.16,431992.697
000066.SZ,20201116,15.11,15.27,15.01,15.12,15.12,0.0,0.0,193326.48,292052.395
000066.SZ,20201113,15.02,15.19,14.77,15.12,15.15,-0.03,-0.198,251037.83,376446.346
000066.SZ,20201112,15.82,15.97,14.96,15.15,15.77,-0.62,-3.9315,563878.35,858252.524
000066.SZ,20201111,16.21,16.34,15.76,15.77,16.35,-0.58,-3.5474,326828.72,521993.04
000066.SZ,20201110,16.51,16.69,16.2,16.35,16.67,-0.32,-1.9196,393775.79,646175.323
000066.SZ,20201109,16.18,16.93,16.16,16.67,16.02,0.65,4.0574,673081.32,1117303.809
000066.SZ,20201106,16.04,16.18,15.82,16.02,16.14,-0.12,-0.7435,276398.19,441295.852
000066.SZ,20201105,16.25,16.3,15.9,16.14,16.04,0.1,0.6234,368330.91,592181.358
000066.SZ,20201104,15.78,16.45,15.55,16.04,15.75,0.29,1.8413,552247.02,887246.778
000066.SZ,20201103,14.58,16.0,14.51,15.75,14.56,1.19,8.1731,706044.27,1090931.924
000066.SZ,20201102,15.2,15.29,14.33,14.56,15.15,-0.59,-3.8944,436621.84,637400.145
000066.SZ,20201030,15.05,15.64,15.05,15.15,15.03,0.12,0.7984,362185.03,557483.578
000066.SZ,20201029,15.06,15.18,14.88,15.03,15.39,-0.36,-2.3392,276328.77,415374.733
000066.SZ,20201028,15.8,15.82,15.2,15.39,15.82,-0.43,-2.7181,265689.43,410807.655
000066.SZ,20201027,15.86,15.98,15.7,15.82,15.96,-0.14,-0.8772,159899.91,253493.048
000066.SZ,20201026,15.65,15.96,15.6,15.96,15.78,0.18,1.1407,198750.74,314693.514
000066.SZ,20201023,15.74,16.02,15.62,15.78,15.73,0.05,0.3179,191157.45,302347.118
000066.SZ,20201022,15.71,15.87,15.52,15.73,15.77,-0.04,-0.2536,161114.04,253171.776
000066.SZ,20201021,16.25,16.28,15.53,15.77,16.22,-0.45,-2.7744,342042.95,539980.416
000066.SZ,20201020,15.91,16.23,15.76,16.22,16.04,0.18,1.1222,231185.3,370234.715
000066.SZ,20201019,16.61,16.69,15.97,16.04,15.95,0.09,0.5643,311913.79,507475.565
000066.SZ,20201016,16.15,16.27,15.81,15.95,16.24,-0.29,-1.7857,316931.77,506137.955
000066.SZ,20201015,16.63,16.74,16.2,16.24,16.59,-0.35,-2.1097,314324.03,516337.224
000066.SZ,20201014,16.92,17.02,16.54,16.59,16.98,-0.39,-2.2968,329010.76,550285.597
000066.SZ,20201013,17.2,17.27,16.91,16.98,17.13,-0.15,-0.8757,405792.97,692951.886
000066.SZ,20201012,16.81,17.44,16.73,17.13,16.45,0.68,4.1337,559307.61,958243.796
000066.SZ,20201009,16.48,16.86,16.41,16.45,16.04,0.41,2.5561,382566.84,634271.756
000066.SZ,20200930,16.31,16.36,15.86,16.04,16.27,-0.23,-1.4136,278238.63,448234.642
000066.SZ,20200929,16.23,16.48,16.07,16.27,16.05,0.22,1.3707,248642.12,405570.286
000066.SZ,20200928,16.19,16.37,15.97,16.05,16.13,-0.08,-0.496,219641.81,354248.628
000066.SZ,20200925,16.25,16.33,16.02,16.13,16.14,-0.01,-0.062,198233.24,320516.903
000066.SZ,20200924,16.51,16.56,16.08,16.14,16.68,-0.54,-3.2374,302503.22,492691.275
000066.SZ,20200923,16.8,16.84,16.53,16.68,16.68,0.0,0.0,260269.43,434359.231
000066.SZ,20200922,17.01,17.15,16.6,16.68,17.27,-0.59,-3.4163,396222.36,666900.169
000066.SZ,20200921,17.3,17.66,17.06,17.27,17.39,-0.12,-0.6901,433428.03,748967.043
000066.SZ,20200918,17.11,17.56,17.1,17.39,17.29,0.1,0.5784,615347.11,1069905.502
000066.SZ,20200917,16.68,17.48,16.43,17.29,16.68,0.61,3.6571,814955.73,1386414.917
000066.SZ,20200916,16.3,16.83,16.27,16.68,16.59,0.09,0.5425,580830.64,962503.016
000066.SZ,20200915,15.86,16.78,15.75,16.59,15.78,0.81,5.1331,818148.55,1336393.781
000066.SZ,20200914,16.21,16.29,15.67,15.78,16.06,-0.28,-1.7435,511599.35,814902.64
000066.SZ,20200911,15.86,16.1,15.75,16.06,15.9,0.16,1.0063,326558.08,520620.404
000066.SZ,20200910,16.16,16.54,15.75,15.9,15.92,-0.02,-0.1256,540370.63,874364.413
000066.SZ,20200909,16.71,16.79,15.9,15.92,17.0,-1.08,-6.3529,763584.86,1244708.72
000066.SZ,20200908,17.34,17.34,16.83,17.0,17.13,-0.13,-0.7589,417958.58,711446.452
000066.SZ,20200907,17.49,17.66,16.99,17.13,17.39,-0.26,-1.4951,511529.95,885114.746
000066.SZ,20200904,17.2,17.66,17.08,17.39,17.41,-0.02,-0.1149,399636.52,696438.976
000066.SZ,20200903,17.44,17.58,16.91,17.41,17.45,-0.04,-0.2292,602084.94,1039907.119
000066.SZ,20200902,17.8,17.91,17.38,17.45,17.82,-0.37,-2.0763,466731.28,819004.03
000066.SZ,20200901,17.8,17.95,17.4,17.82,17.71,0.11,0.6211,463211.21,820019.096
000066.SZ,20200831,18.0,18.29,17.71,17.71,17.89,-0.18,-1.0061,602573.52,1085252.146
000066.SZ,20200828,17.69,17.99,17.56,17.89,17.75,0.14,0.7887,409286.49,727464.38
000066.SZ,20200827,17.63,17.87,17.27,17.75,17.48,0.27,1.5446,470679.14,829798.342
000066.SZ,20200826,17.95,18.18,17.4,17.48,17.93,-0.45,-2.5098,588678.24,1043581.111
000066.SZ,20200825,18.46,18.75,17.8,17.93,18.42,-0.49,-2.6602,736347.82,1340065.22
000066.SZ,20200824,18.47,18.6,18.0,18.42,18.48,-0.06,-0.3247,509410.17,934372.553
000066.SZ,20200821,18.81,19.02,18.17,18.48,18.74,-0.26,-1.3874,655011.2,1216948.164
000066.SZ,20200820,18.47,19.2,18.36,18.74,18.83,-0.09,-0.478,578513.1,1089003.735
000066.SZ,20200819,19.78,19.79,18.82,18.83,19.94,-1.11,-5.5667,920635.9,1772029.038
000066.SZ,20200818,19.96,20.38,19.79,19.94,19.9,0.04,0.201,986661.23,1977296.598
000066.SZ,20200817,19.34,20.25,19.15,19.9,19.3,0.6,3.1088,1067335.94,2096466.649
000066.SZ,20200814,18.98,19.3,18.8,19.3,19.06,0.24,1.2592,646588.6,1235202.51
000066.SZ,20200813,19.18,19.43,18.81,19.06,18.99,0.07,0.3686,903379.16,1727435.978
000066.SZ,20200812,19.25,19.37,18.2,18.99,19.53,-0.54,-2.765,1454131.89,2723013.21
000066.SZ,20200811,20.16,20.44,19.48,19.53,20.79,-1.26,-6.0606,1474554.75,2942260.302
000066.SZ,20200810,21.59,22.2,20.65,20.79,20.8,-0.01,-0.0481,1781083.97,3800393.264
000066.SZ,20200807,20.09,21.45,19.38,20.8,20.52,0.28,1.3645,2095351.89,4224619.207
000066.SZ,20200806,20.4,21.47,19.7,20.52,20.13,0.39,1.9374,2185836.45,4482649.589
000066.SZ,20200805,20.49,20.49,19.6,20.13,20.0,0.13,0.65,1862807.26,3740061.508
000066.SZ,20200804,20.13,21.44,19.75,20.0,20.13,-0.13,-0.6458,2951720.98,6024695.674
000066.SZ,20200803,18.64,20.13,18.32,20.13,18.3,1.83,10.0,2603199.25,5150000.234
000066.SZ,20200731,17.55,18.59,17.55,18.3,17.72,0.58,3.2731,1707509.54,3093506.055
000066.SZ,20200730,17.8,18.05,17.18,17.72,17.9,-0.18,-1.0056,1449031.93,2551361.517
000066.SZ,20200729,17.04,18.18,16.81,17.9,17.18,0.72,4.1909,1921206.53,3358656.549
000066.SZ,20200728,17.32,17.37,16.72,17.18,17.31,-0.13,-0.751,1467331.04,2492770.746
000066.SZ,20200727,16.25,17.61,16.24,17.31,16.01,1.3,8.1199,2293726.13,3970162.675
000066.SZ,20200724,17.2,17.35,15.9,16.01,17.22,-1.21,-7.0267,1432636.32,2363082.898
000066.SZ,20200723,17.0,17.79,16.69,17.22,17.18,0.04,0.2328,1894138.71,3263102.852
000066.SZ,20200722,15.92,17.5,15.92,17.18,15.95,1.23,7.7116,1772082.69,2993032.956
000066.SZ,20200721,16.29,16.33,15.82,15.95,16.22,-0.27,-1.6646,752037.91,1203359.782
000066.SZ,20200720,15.55,16.29,15.26,16.22,15.13,1.09,7.2042,1007472.9,1594062.204
000066.SZ,20200717,15.27,15.48,14.9,15.13,14.9,0.23,1.5436,821009.33,1244794.468
000066.SZ,20200716,16.01,16.2,14.8,14.99,15.99,-1.0,-6.2539,1282837.49,1997854.237
000066.SZ,20200715,17.19,17.28,15.85,15.99,17.5,-1.51,-8.6286,2003092.79,3291224.217
000066.SZ,20200714,17.63,18.7,17.1,17.5,17.37,0.13,0.7484,2189888.15,3896099.675
000066.SZ,20200713,16.67,17.45,16.52,17.37,16.69,0.68,4.0743,1958736.31,3361916.434
000066.SZ,20200710,17.64,17.64,16.65,16.69,17.67,-0.98,-5.5461,2610106.18,4464449.097
000066.SZ,20200709,16.5,17.67,16.26,17.67,16.06,1.61,10.0249,3216265.07,5534861.776
000066.SZ,20200708,15.65,16.18,15.65,16.06,15.38,0.68,4.4213,1873527.13,2989256.238
000066.SZ,20200707,15.0,16.02,14.6,15.38,14.85,0.53,3.569,2164374.57,3325718.097
000066.SZ,20200706,14.0,15.05,13.99,14.85,13.91,0.94,6.7577,1469984.01,2139913.904
000066.SZ,20200703,13.79,14.14,13.66,13.91,13.77,0.14,1.0167,996809.22,1388620.401
000066.SZ,20200702,13.5,13.92,13.45,13.77,13.73,0.04,0.2913,963998.73,1322206.624
000066.SZ,20200701,13.19,14.19,13.01,13.73,13.2,0.53,4.0152,1188816.52,1615994.511
